"grade","subject","matchahead_estimate","pimentel_estimate","estimate_difference","matchahead_se","pimentel_se","matchahead_ci_width","pimentel_ci_width","ci_width_ratio","ci_overlap","relative_efficiency"
"3","glmath",-0.0190075427991217,-0.00355614383884809,-0.0154513989602736,0.0107682471708386,0.00372736829360354,0.0422115289096872,0.0146112837109259,2.88896785147787,0.0129600073500329,0.119815935210815
"3","readng",-0.00546664494665782,-0.00635936893398211,0.000892723987324287,0.00813517932117049,0.00382095433295802,0.0318899029389883,0.0149781409851954,2.12909619227838,0.0149781409851954,0.220601993917315
"4","glmath",-0.00659269959742601,-0.00785567375694618,0.00126297415952017,0.00344346412636654,0.00565902434128775,0.0134983793753568,0.022183375417848,0.608490778391484,0.0134983793753568,2.70079734574255
"4","readng",-1.52508816504223e-05,-0.00904852519172975,0.00903327431007933,0.00265232155003995,0.00605359319458932,0.0103971004761566,0.0237300853227901,0.438140037624363,0.00803031858939405,5.20923701197837
"5","glmath",0.00361405951311916,-0.000955544172869414,0.00456960368598857,0.00361689378932567,0.00518035775294714,0.0141782236541566,0.0203070023915528,0.698193824020744,0.0126730093368661,2.05138886699217
"5","readng",-0.0054430968396814,-0.000823202751180203,-0.0046198940885012,0.00322021898929289,0.00525808391590176,0.0126232584380281,0.0206116889503349,0.612432026722537,0.0119975796056803,2.66614774647115
