"grade","subject","model_year","pred_year","max_controls","alpha","prop_treatment","sample_prop","seed","n_cores","n_raw_schools_model_year","n_raw_schools_pred_year","n_schools_model_year","n_treatment_schools_pred_year","n_control_schools_pred_year","caliper","n_treatment_schools_matched","n_control_schools_matched","n_treatment_students_matched","n_control_students_matched","avg_n_treatment_per_match","avg_n_control_per_match","ma_ci_lower","ma_ci_upper","ma_ci_contains_0","pim_ci_lower","pim_ci_upper","pim_ci_contains_0","relative_efficiency","ma_avg_time_per_pair","pim_avg_time_per_pair","time_ratio"
"3","glmath","2019","2022",5,0.5,0.1,0.05,2026,24,4598,4699,230,24,211,0.0452518810309903,24,24,1809,1438,1.88830897703549,1.50104384133612,0.179727461765246,0.206571830572105,FALSE,0.185078963677338,0.213794050170532,FALSE,1.14423140624096,0.00414803063888309,0.0565109632403176,13.62356456835
"3","readng","2019","2022",5,0.5,0.1,0.05,2026,24,4598,4699,230,24,211,0.041452515228749,24,24,1930,1223,2.50324254215305,1.58625162127108,0.174662834656588,0.205347307598423,FALSE,0.157759528069872,0.210779292527554,FALSE,2.98564557979859,0.00411851518150378,0.0501392604238802,12.1741108662305
"4","glmath","2019","2022",5,0.5,0.1,0.05,2026,24,4577,4671,229,23,211,0.02986773309958,23,23,1940,1671,1.72291296625222,1.48401420959147,0.187953216029687,0.211098352297155,FALSE,0.174102693853015,0.212817449618892,FALSE,2.79790886033796,0.00334104208412697,0.0479962022531015,14.3656383381484
"4","readng","2019","2022",5,0.5,0.1,0.05,2026,24,4577,4671,229,23,211,0.0266120135555207,23,23,1666,1827,1.43620689655172,1.575,0.194892909883955,0.209014280642617,FALSE,0.185639090121682,0.213859326641152,FALSE,3.99362780518223,0.00338437344495866,0.0574130831171551,16.9641690111584
"5","glmath","2019","2022",5,0.5,0.1,0.05,2026,24,4345,4447,217,22,200,0.0303545250266634,22,22,1828,1778,1.59233449477352,1.54878048780488,0.178126853480383,0.200455060123826,FALSE,0.16398978948661,0.224991164337036,FALSE,7.46399879957402,0.00427413040941412,0.0520791573957963,12.1847375740075
"5","readng","2019","2022",5,0.5,0.1,0.05,2026,24,4345,4447,217,22,200,0.0230029776525864,22,22,1735,1403,1.79050567595459,1.44788441692466,0.196213505346341,0.212328041279943,FALSE,0.176134319767528,0.194646360450132,FALSE,1.3196932204025,0.00388256934556094,0.057749262993986,14.873981081629
