"grade","subject","model_year","pred_year","max_controls","alpha","prop_treatment","sample_prop","seed","n_cores","n_raw_schools_model_year","n_raw_schools_pred_year","n_schools_model_year","n_treatment_schools_pred_year","n_control_schools_pred_year","caliper","n_treatment_schools_matched","n_control_schools_matched","n_treatment_students_matched","n_control_students_matched","avg_n_treatment_per_match","avg_n_control_per_match","ma_ci_lower","ma_ci_upper","ma_ci_contains_0","pim_ci_lower","pim_ci_upper","pim_ci_contains_0","relative_efficiency","ma_avg_time_per_pair","pim_avg_time_per_pair","time_ratio"
"3","glmath","2019","2022",5,0.5,0.1,0.1,2026,14,4598,4699,460,47,423,0.044202342642849,47,47,3751,2935,1.8896725440806,1.47858942065491,0.184299120605586,0.202679670227325,FALSE,0.168221699003256,0.192456836361423,FALSE,1.73849715261006,0.00558115402149918,0.0835452118508023,14.9691643572239
"3","readng","2019","2022",5,0.5,0.1,0.1,2026,14,4598,4699,460,47,423,0.0425161303892095,47,47,3507,2984,2.02599653379549,1.72385904101675,0.181061995337296,0.20327660077145,FALSE,0.175386511930676,0.211410328273726,FALSE,2.62967593408089,0.00535390134920483,0.0716855268376219,13.3894000210274
"4","glmath","2019","2022",5,0.5,0.1,0.1,2026,14,4577,4671,458,47,420,0.0294560628615331,47,47,3773,3528,1.64114832535885,1.5345802522836,0.192305362726245,0.207490753696366,FALSE,0.172257899637904,0.193009946132801,FALSE,1.86753997900147,0.00538729756557229,0.0820705866378854,15.2340919800607
"4","readng","2019","2022",5,0.5,0.1,0.1,2026,14,4577,4671,458,47,420,0.0265498461564992,47,47,3770,3725,1.65423431329531,1.63448881088197,0.198503683014911,0.211842441936134,FALSE,0.18686860784716,0.202460148378979,FALSE,1.36630358960539,0.00523702122399389,0.0607818823213394,11.6061936206906
"5","glmath","2019","2022",5,0.5,0.1,0.1,2026,14,4345,4447,434,44,401,0.0304483569670984,44,44,2814,3227,1.55641592920354,1.78484513274336,0.191895401421825,0.208647800203453,FALSE,0.162859900791891,0.224121287528946,FALSE,13.3727166224835,0.00323709757034537,0.0647213584818394,19.9936384601883
"5","readng","2019","2022",5,0.5,0.1,0.1,2026,14,4345,4447,434,44,401,0.0222472032244556,44,44,3930,3120,1.8330223880597,1.45522388059702,0.192260555416794,0.207984208644003,FALSE,0.182787467951181,0.199761900939688,FALSE,1.16542314203048,0.00527865908038343,0.067731126693608,12.8311235225079
