"grade","subject","model_year","pred_year","max_controls","alpha","prop_treatment","sample_prop","seed","n_cores","n_raw_schools_model_year","n_raw_schools_pred_year","n_schools_model_year","n_treatment_schools_pred_year","n_control_schools_pred_year","caliper","n_treatment_schools_matched","n_control_schools_matched","n_treatment_students_matched","n_control_students_matched","avg_n_treatment_per_match","avg_n_control_per_match","ma_ci_lower","ma_ci_upper","ma_ci_contains_0","pim_ci_lower","pim_ci_upper","pim_ci_contains_0","relative_efficiency","ma_avg_time_per_pair","pim_avg_time_per_pair","time_ratio"
"3","glmath","2019","2022",5,0.5,0.03,0.1,2026,24,4598,4699,460,14,456,0.0442023426428911,14,14,1048,841,1.77326565143824,1.42301184433164,-0.0225903913513767,0.00928443767679503,TRUE,-0.0517190490770021,0.00930734016521888,TRUE,3.66555399812211,0.0046315484477165,0.0560221438270464,12.09576979696
"3","readng","2019","2022",5,0.5,0.03,0.1,2026,24,4598,4699,460,14,456,0.0425161303892293,14,14,1027,1053,1.78608695652174,1.83130434782609,-0.0407192800724608,0.00575517919040681,TRUE,-0.0480842471101148,0.0250876397747338,TRUE,2.4789046257414,0.0049525611382678,0.0599865653834546,12.1122311686263
"4","glmath","2019","2022",5,0.5,0.03,0.1,2026,24,4577,4671,458,14,453,0.0294560628612674,14,14,1286,1166,1.88286969253294,1.70717423133236,-0.00110938417363349,0.0109872980398579,TRUE,-0.0349255562304046,0.00243959358702674,TRUE,9.54115415105401,0.00434122368275123,0.0485307724458568,11.1790536476343
"4","readng","2019","2022",5,0.5,0.03,0.1,2026,24,4577,4671,458,14,453,0.0265498461566559,14,14,1023,1169,1.52005943536404,1.7369985141159,-0.00189127278575221,0.01311757628507,TRUE,-0.0344762359058689,0.00347979409648849,TRUE,6.39538629313373,0.0041117344471003,0.0586582519247945,14.2660603887398
"5","glmath","2019","2022",5,0.5,0.03,0.1,2026,24,4345,4447,434,13,432,0.0304483569668045,13,13,715,978,1.41304347826087,1.93280632411067,-0.014061684137627,0.0196306143718899,TRUE,-0.073524174071228,-0.00676003716874272,FALSE,3.92667717847421,0.00427150335746613,0.0786450739599701,18.4115678669682
"5","readng","2019","2022",5,0.5,0.03,0.1,2026,24,4345,4447,434,13,432,0.0222472032247301,13,13,1093,988,1.61209439528024,1.45722713864307,-0.00695945340205611,0.019626246862471,TRUE,-0.0191550515645098,0.0118185153365433,TRUE,1.35733245825483,0.00454087801638492,0.0585987465164261,12.9047171725343
