"grade","subject","model_year","pred_year","max_controls","alpha","prop_treatment","sample_prop","seed","n_cores","n_raw_schools_model_year","n_raw_schools_pred_year","n_schools_model_year","n_treatment_schools_pred_year","n_control_schools_pred_year","caliper","n_treatment_schools_matched","n_control_schools_matched","n_treatment_students_matched","n_control_students_matched","avg_n_treatment_per_match","avg_n_control_per_match","ma_ci_lower","ma_ci_upper","ma_ci_contains_0","pim_ci_lower","pim_ci_upper","pim_ci_contains_0","relative_efficiency","ma_avg_time_per_pair","pim_avg_time_per_pair","time_ratio"
"3","glmath","2019","2021",5,0.5,0.1,1,2026,8,100,100,100,10,90,0.0746138458982103,10,10,310,242,1.58974358974359,1.24102564102564,0.165816421262839,0.186020095813661,FALSE,0.163749723408996,0.20829900127348,FALSE,4.86206330332825,0.00114169173770481,0.0114064783520169,9.99085652923076
"3","readng","2019","2021",5,0.5,0.1,1,2026,8,100,100,100,10,90,0.0726811215995124,10,10,310,247,1.92546583850932,1.53416149068323,0.177929836511446,0.223598065221177,FALSE,0.177804422781702,0.224050135952567,FALSE,1.02545032660319,0.00113510608673096,0.0112584122021993,9.91837884917251
"4","glmath","2019","2021",5,0.5,0.1,1,2026,8,100,100,100,10,90,0.0501747508132051,10,10,273,258,1.45989304812834,1.37967914438503,0.181009622474501,0.222475709018287,FALSE,0.186263438345241,0.215353632363066,FALSE,0.492160931828064,0.000970773961808947,0.0135065513186985,13.9131784020353
"4","readng","2019","2021",5,0.5,0.1,1,2026,8,100,100,100,10,90,0.0515918901828041,10,10,273,299,1.39285714285714,1.52551020408163,0.186610536230213,0.22496301691298,FALSE,0.193658626550261,0.224107248581837,FALSE,0.630301537712227,0.00099014123280843,0.0135154570473565,13.6500295104582
"5","glmath","2019","2021",5,0.5,0.1,1,2026,8,100,100,100,10,90,0.0534637902608497,10,10,299,267,1.48019801980198,1.32178217821782,0.179059311655835,0.218499636116602,FALSE,0.177866357565835,0.211522965073169,FALSE,0.728215163966804,0.00100197977489895,0.0136535586251153,13.6265810619702
"5","readng","2019","2021",5,0.5,0.1,1,2026,8,100,100,100,10,90,0.0524168033944939,10,10,297,225,1.65921787709497,1.25698324022346,0.190104202483813,0.21821485738334,FALSE,0.17454914925669,0.217209962065859,FALSE,2.30311871462787,0.00105739408069187,0.0141769599914551,13.4074516306909
