our_time,keele_time
0.048238028297211744,0.08263128672417805
